position,rc,ac,p_ac,badasp_score
1,0.5754327806142782,0.6,0.9181403030303031,0.31699681654005796
2,0.5288347390043349,0.3757575757575758,0.7250425490196079,0.14407585821227253
3,0.6188284430646704,0.38229352346999407,0.7533657932263814,0.17822683896523428
4,0.7044945797197899,0.46904337492572784,0.7102058467023172,0.23467936553363403
5,0.7848084360840463,0.3932263814616756,0.6722739928698752,0.20746871656452587
6,0.8155090068520556,0.431610219845514,0.724682834224599,0.25507532910587377
7,0.777352219030751,0.36019013666072486,0.5934004278074867,0.16614891661426837
8,0.7197554874949696,0.3529411764705882,0.45309762923351166,0.11510100176886394
9,0.7052074721773924,0.3579322638146168,0.6339540641711229,0.16002047046095716
10,0.6679770064168444,0.554367201426025,0.909003992869875,0.3366083087686511
11,0.41587819763799316,0.4575163398692811,0.8702482174688057,0.16558306021243285
12,0.5711347707068258,0.5040998217468806,0.946648770053476,0.2725486402528658
13,0.9051558287115139,0.6666666666666666,0.9973027807486633,0.6018096166565691
14,0.3529450717967062,0.41152703505644683,0.9127993404634582,0.13258085366387973
15,0.40633017276944716,0.5021984551396316,0.8376531016042781,0.17093013913831884
16,0.8972894306092322,0.6666666666666666,0.9971490909090909,0.5964875600095544
17,0.37061705297955994,0.5177658942364824,0.8675486809269163,0.166476406122204
18,0.34842632302122695,0.5115864527629234,0.9057899643493761,0.16145723020522862
19,0.7837272557794152,0.5333333333333333,0.9850288057040997,0.41173009213767936
20,0.7545713770164288,0.5254901960784314,0.9604007843137256,0.3808179853693085
21,0.29048271456592417,0.42982768865121807,0.7497961319073083,0.09361768088305641
22,0.38971841753820785,0.3399881164587047,0.7081982887700534,0.09383601174429189
23,0.8936452913999221,0.5333333333333333,0.9986865775401068,0.4759848307216105
24,0.4915802395984567,0.5296494355317886,0.9174868805704101,0.23888165187423477
25,0.3402789540221519,0.46583481877599525,0.9263567914438502,0.14684032116123755
26,0.603751623049981,0.6114081996434938,0.9131339215686275,0.337073062232986
27,0.6022669764051991,0.4816399286987522,0.9282088591800357,0.26925094927478715
28,0.775739034987496,0.5803921568627451,0.9761363279857398,0.4394886425765042
29,0.37517761619782464,0.42614379084967324,0.8628544919786096,0.13795284105217653
30,0.5652203253328089,0.4743909685086155,0.9896314795008913,0.26535524998192583
31,0.43289740628000434,0.2650029708853238,0.886371871657754,0.10168378227636767
32,0.420879968630398,0.3605466428995841,0.712206577540107,0.10807511163740786
33,0.4593072319076971,0.5765894236482472,0.9431954010695188,0.24978803406799577
34,0.7066310272077336,0.4667855020796197,0.9219451693404634,0.304099113926814
35,0.7308390041042099,0.5215686274509804,0.9871869340463458,0.37629857723072524
36,0.44641145280655165,0.4406417112299465,0.869997789661319,0.1711350958450627
37,0.3690182835281972,0.4657159833630422,0.8872795543672015,0.15248583482089742
38,0.5848732149496432,0.44848484848484843,0.9147003030303031,0.23993208675277103
39,0.5565315208140571,0.6666666666666666,0.9440405169340463,0.3502588697329289
40,0.5858469471633566,0.4499108734402852,0.7640845276292335,0.20139656823977306
41,0.7442571614086266,0.5215686274509804,0.9941895721925135,0.3859256873881317
42,0.5455616825759033,0.29079025549613785,0.8654970766488412,0.13730593645970432
43,0.5580873197565046,0.3946524064171123,0.8992459001782532,0.19805936249389833
44,0.673418238348058,0.35912061794414735,0.9542428520499109,0.2307725396363011
45,0.714419184381549,0.40404040404040403,0.9377298573975045,0.2706796767241016
46,0.5292255554490582,0.26880570409982174,0.8947846880570409,0.12729103898481356
47,0.4708831803908768,0.3364230540701129,0.8339777183600714,0.13211537891889966
48,0.9254917319154677,0.6,0.9872622816399288,0.5482218473338524
49,0.5436535552503197,0.4863933452168746,0.9073858645276293,0.23993956449222992
50,0.42783270579127847,0.45074272133095666,0.8634705704099822,0.1665138045493844
51,0.5830446849378499,0.5001782531194295,0.8869895721925133,0.258669462243845
52,0.850065476429861,0.5333333333333333,0.9882036898395723,0.4480201815537187
53,0.5679757958054266,0.4295900178253119,0.7857325668449198,0.19171617872816415
54,0.37176424140823683,0.5050505050505051,0.8981424242424242,0.16863496819446447
55,0.2869733619415652,0.34177064765300064,0.7333528698752229,0.07192656875717443
56,0.8295022076812043,0.6666666666666666,0.9958998039215686,0.5507340573214797
57,0.5071838491501174,0.49221628045157456,0.828312192513369,0.2067832913575014
58,0.8441798901572901,0.5333333333333333,0.9113196256684493,0.41030277413065297
59,0.3559709425706322,0.4983957219251337,0.8924234046345811,0.1583287583339646
60,0.564396367458426,0.5262032085561497,0.8835859001782531,0.2624136842993155
61,0.6440130851392327,0.6129530600118837,0.9437985918003564,0.3725642970704943
62,0.4485140268340069,0.40784313725490196,0.865058770053476,0.15823946356899923
63,0.5458894943329762,0.3925133689839572,0.9308701426024956,0.19945654431724452
64,0.3637079189613858,0.3202614379084967,0.8229100534759357,0.09585389705270998
65,0.48425464994309536,0.47736185383244206,0.8487526737967915,0.19620165502589038
66,0.5802303006331069,0.5213309566250743,0.9649294830659538,0.2918834662630341
67,0.47926802168812654,0.6600118835412954,0.9190711942959003,0.29072298031258825
68,0.3155932425359627,0.40558526440879383,0.7676431550802139,0.09825829983806479
69,0.4503489387063722,0.4099821746880571,0.9101433333333334,0.1680443482613008
70,0.49047544578293545,0.5061200237670825,0.9699897682709447,0.24078972102979015
71,0.72500124800147,0.6352941176470588,0.9652049019607843,0.44456278775211855
72,0.4493516811548668,0.3113487819370172,0.8285333511586453,0.11591604017805747
73,0.35545159723495867,0.33618538324420677,0.7718768805704099,0.092237458992386
74,0.4292750445907134,0.4686868686868687,0.761655935828877,0.15324180506918722
75,0.40376738554685193,0.4749851455733809,0.8654869518716577,0.16598612583686118
76,0.5898517770308436,0.42638146167557933,0.8983688413547238,0.2259414371382031
77,0.4696182815110825,0.6092691622103387,0.8937295543672015,0.2557174186506319
78,0.520481126565737,0.47569815805109916,0.9157951158645277,0.2267434648431493
79,0.3505151183753882,0.3631610219845514,0.8228294474153298,0.10474078152296815
80,0.5292252214862807,0.47153891859774216,0.8649555080213904,0.2158498966825581
81,0.34868441203820355,0.3471182412358883,0.7605990196078432,0.09205888925875576
82,0.48179194091383576,0.388116458704694,0.8220444028520498,0.15371521890529682
83,0.2984602151145357,0.4764111705288176,0.8040985739750445,0.11433459968482347
84,0.3899420291697797,0.2956625074272133,0.8145387700534759,0.09390918327632644
85,0.3924241772049517,0.3815805109922757,0.8739457040998216,0.13086586904248887
86,0.5006229225508166,0.39702911467617347,0.8067114260249555,0.16034347620708225
87,0.5076249520296935,0.36434937611408197,0.4508373262032086,0.08338364141212663
88,0.6658668588466911,0.493048128342246,0.8629596434937612,0.2833134552988922
89,0.5964290274308264,0.38823529411764707,0.7037414438502674,0.1629547084977242
90,0.4965824482915694,0.44040404040404035,0.6929518003565063,0.15154642210517263
91,0.32683262586050427,0.5421271538918598,0.8250495187165775,0.14618626800276158
92,0.3135211180274913,0.4216280451574569,0.8431981461675581,0.11146176942273446
93,0.5727291762402795,0.3843137254901961,0.7929500891265597,0.1745344071836112
94,0.4167405712749322,0.2932857991681521,0.6872942959001782,0.08400392090414359
95,0.2903412496909072,0.4683303624480095,0.8998922281639928,0.1223634060887048
96,0.37029788588182766,0.3202614379084967,0.8611428698752228,0.10212477008949827
97,0.5580465562984095,0.4330362448009507,0.8881610873440285,0.21462802148832508
98,0.33346173943171975,0.3357100415923945,0.7193908021390375,0.08053324963757688
99,0.2971551037964297,0.3302436125965537,0.8408007664884135,0.08251078506079053
100,0.393286988210619,0.4847296494355318,0.7835346167557932,0.14937136564796427
101,0.5497924528610525,0.6715389185977422,0.9710616399286988,0.3585227832942914
102,0.5189975461313016,0.520736779560309,0.8677252049910874,0.23451237774585407
103,0.6310529606019925,0.5098039215686274,0.8775482174688056,0.28231891016317573
104,0.36433875671127747,0.29340463458110516,0.7156791978609626,0.07650516139491767
105,0.5133018318547015,0.43636363636363634,0.8345106951871657,0.18691892445465275
106,0.5516224654161551,0.40784313725490196,0.8299023351158644,0.18670764040677915
107,0.4959071085531324,0.5494949494949495,0.9124506238859179,0.24864138214170647
108,0.42206444097373713,0.2835412953060012,0.854654652406417,0.10227882836495948
109,0.452925759899208,0.42293523469994054,0.8996233689839572,0.17233028952509732
110,0.5429423080396824,0.4995840760546643,0.8646283957219252,0.23452641566021407
111,0.8801553738691795,0.6274509803921569,0.9777071301247772,0.5399430178193166
112,0.35862869442407763,0.4983957219251337,0.86281688057041,0.1542190325082417
113,0.4062581586748703,0.49221628045157456,0.8917995900178254,0.17833038139250737
114,0.6873922471894588,0.5874034462269757,0.928344741532977,0.3748438600707744
115,0.5407851650932269,0.36553773024361264,0.8999825311942959,0.17790619043006126
116,0.43473353162768225,0.4428995840760547,0.8240637967914438,0.15866796312643122
117,0.5199535582658548,0.4196078431372549,0.7436826737967913,0.1622541506406267
118,0.5179069776087138,0.38300653594771245,0.7867908021390374,0.15606920624761594
119,0.5379974611324966,0.5112299465240642,0.8099455258467023,0.22276775216709097
120,0.39791046750213477,0.28116458704694003,0.7461889839572192,0.08348237908852263
121,0.4469488917114426,0.3871657754010695,0.79140376114082,0.13694712971723288
122,0.3596131936739108,0.4049910873440285,0.8012601426024956,0.11669563800634672
123,0.5674574532225359,0.5475935828877005,0.9484796078431373,0.29472681628073827
124,0.3975483702352922,0.4029708853238265,0.8505197504456328,0.13625362014486256
125,0.3129858027406113,0.5448603683897801,0.8491289304812834,0.14480497922887306
126,0.3416212083609347,0.37551990493166965,0.8726493404634581,0.11194831254186782
127,0.6611248963307175,0.4285204991087344,0.9448916221033868,0.26769306010682775
128,0.4370792000578502,0.44777183600713016,0.8416485918003564,0.16472052374395665
129,0.28375544657897955,0.40665478312537134,0.7121160071301248,0.08217142894938417
130,0.5200593325824965,0.5145573380867499,0.9080438502673797,0.24299284835202073
131,0.47229564665475116,0.4168746286393345,0.8744323529411765,0.1721653003336144
132,0.3864930807514623,0.2718954248366013,0.6673078609625669,0.07012451394321949
133,0.338595995445189,0.46393345216874626,0.7274686987522282,0.11427515460116723
134,0.3555145898411056,0.49732620320855614,0.8411549732620321,0.14872185280225322
135,0.6030090778893841,0.46464646464646464,0.8596730837789662,0.24086839376414518
136,0.40143968301502586,0.2897207367795603,0.5988834759358288,0.0696533826626854
137,0.2996713364160361,0.39073083778966133,0.8701291443850268,0.1018841457587999
138,0.44870653978461084,0.4364824717765894,0.9056608199643494,0.17737597159492224
139,0.4809397801786937,0.5837195484254308,0.8529967023172906,0.23946513469229316
140,0.5794447225277678,0.6166369578134284,0.9724118894830659,0.3474496050630546
141,0.6233657692320774,0.4837789661319073,0.7963449376114081,0.24015473616518207
142,0.37188695549234163,0.3225193107546049,0.7481046702317291,0.08972821619731967
143,0.3764015409565273,0.3941770647653,0.7851638324420678,0.11649385848286697
144,0.5544925116796586,0.380154486036839,0.8948745989304812,0.1886331364864798
145,0.3574930204414721,0.30196078431372547,0.8632615329768271,0.09318810945027937
146,0.5975336896683188,0.5001782531194295,0.9400803921568627,0.2809649827274129
147,0.3543885620708365,0.30409982174688055,0.7324876114081997,0.07893982257911959
148,0.44630577365769186,0.46310160427807484,0.8077642067736185,0.1669526802777119
149,0.502234468593255,0.5004159239453357,0.8731385561497327,0.21944253046252146
150,0.5637115225812612,0.5024361259655378,0.9078248841354724,0.2571223645825476
151,0.40482330313294057,0.3568627450980392,0.8054567914438503,0.11636140695971574
152,0.43665052277095706,0.41485442661913247,0.7602535650623886,0.13771719811417807
153,0.4333372682129389,0.493048128342246,0.7669498930481283,0.1638635453111906
154,0.5903121520031892,0.5483065953654189,0.9350306595365416,0.30264328689523173
155,0.45344500816354427,0.41390374331550805,0.7158309982174689,0.13434901307527228
156,0.42739131195115104,0.33119429590017824,0.6049230303030303,0.08562659157739033
157,0.5978189271954704,0.4418300653594771,0.69586623885918,0.18380219455501118
158,0.5663574065929781,0.3700534759358289,0.8060142067736185,0.16892649419849134
159,0.7030277081740547,0.457397504456328,0.5768425311942958,0.18549128366562995
160,0.6744115552138297,0.7019607843137254,0.9072051336898397,0.4294804035084022
161,0.6038486426821342,0.49102792632204395,0.8626994652406416,0.2557960393893732
162,0.7756537564375191,0.2966131907308378,0.46390208556149737,0.10672955182784281
163,0.6261970997928102,0.4418300653594771,0.6548520499108734,0.1811796883702969
164,0.7179215762064368,0.40308972073677957,0.583474064171123,0.16884969678519857
165,0.7477220934868142,0.41152703505644683,0.716936844919786,0.22060709956588023
